ID,Subject,Email_Body,Intent,Mentioned_Location,Mentioned_Price,Cleaned_Email_Body
3,Offer - 3 bed semi in Croydon,"Dear Sir/Madam, Further to my viewing yesterday of the property at 47 Thornton Heath, I would like to formally submit an offer of £475,000 for the three-bedroom semi-detached house. I am a cash buyer with no chain. Please advise if this is acceptable to the vendor. Kind regards, Michael Thompson",Offer_Submission,Croydon,"£475,000",dear sirmadam viewing yesterday property 47 thornton heath would like formally submit offer £475000 threebedroom semidetached house cash buyer chain please advise acceptable vendor kind regards michael thompson
5,Re: Flat on Archway Road,"Hello, could I please book a viewing for the 1-bed flat you have listed at £1,400 pcm on Archway Road? I'm looking to move in by the end of next month. Tuesday or Wednesday afternoon would be ideal for me.",Viewing_Request,Archway Road,"£1,400",hello could please book viewing 1bed flat listed £1400 pcm archway road im looking move end next month tuesday wednesday afternoon would ideal
8,Viewing request - Canary Wharf apartment,"Dear Team, I am interested in viewing the 2-bedroom apartment in Canary Wharf (E14) listed at £2,100 pcm. I work in the area and would prefer a viewing during my lunch hour if possible, between 12-2pm any day this week. Please confirm availability. Regards, Jennifer Chen",Viewing_Request,E14,"£2,100",dear team interested viewing 2bedroom apartment canary wharf e14 listed £2100 pcm work area would prefer viewing lunch hour possible 122pm day week please confirm availability regards jennifer chen
9,Offer for property ref: SW1-4432,"Good morning, I would like to submit an offer of £825,000 for the property reference SW1-4432 (the 2-bed flat near Victoria Station). I have a mortgage agreement in principle and can complete within 8 weeks. Please let me know if the seller will consider this. Thanks, Robert",Offer_Submission,SW1,"£825,000",good morning would like submit offer £825000 property reference sw14432 2bed flat near victoria station mortgage agreement principle complete within 8 weeks please let know seller consider thanks robert
11,Valuation needed for rental property,"Hello, I own a 1-bed flat in Stratford that I currently let out at £1,250 pcm. The current tenancy ends in two months and I'm considering selling. Could you provide a sales valuation? The property has good transport links and is in a modern development. Thank you.",Valuation_Request,Stratford,"£1,250",hello 1bed flat stratford currently let £1250 pcm current tenancy ends two months im considering selling could provide sales valuation property good transport links modern development thank
12,Viewing - terraced house in Tooting,"Hi, I'd like to view the 3-bed terraced house in Tooting you've got listed for £650k. I'm free this Saturday morning if you have any slots available? Also, do you know the council tax band? Thanks",Viewing_Request,Tooting,"£650,000",hi id like view 3bed terraced house tooting youve got listed £650k im free saturday morning slots available also know council tax band thanks
14,Offer - Studio flat Bethnal Green,"Hi there, following my viewing on Monday, I'd like to offer £280,000 for the studio flat in Bethnal Green. I'm a first-time buyer with a deposit ready and mortgage agreed. Hope this is acceptable. Let me know! Tom",Offer_Submission,Bethnal Green,"£280,000",hi following viewing monday id like offer £280000 studio flat bethnal green im firsttime buyer deposit ready mortgage agreed hope acceptable let know tom
18,Viewing request for rental - Brixton,"Hello! I'm interested in the 2-bed flat in Brixton advertised at £1,800 pcm. Could we arrange a viewing for this Thursday or Friday? I have excellent references from my current landlord. Look forward to hearing from you.",Viewing_Request,Brixton,"£1,800",hello im interested 2bed flat brixton advertised £1800 pcm could arrange viewing thursday friday excellent references current landlord look forward hearing
19,Offer on maisonette - Hackney,"Morning, I'd like to put in an offer of £550,000 for the 2-bed maisonette in Hackney Wick. Saw it last week and really liked it. I'm chain-free with a 25% deposit. What do you reckon the vendor will say? Cheers, Alex",Offer_Submission,Hackney,"£550,000",morning id like put offer £550000 2bed maisonette hackney wick saw last week really liked im chainfree 25 deposit reckon vendor say cheers alex
22,View the flat on Grove Road please,"Hi can I please book a viewing for the 1 bed flat on Grove Road? I'm looking to rent from mid-May. The listing says £1,300 pcm - does that include bills? Available to view anytime this week. Thanks!",Viewing_Request,Grove Road,"£1,300",hi please book viewing 1 bed flat grove road im looking rent midmay listing says £1300 pcm include bills available view anytime week thanks
23,REVISED OFFER - Property in Richmond,"Dear Agent, Further to the vendor's rejection of my initial offer, I would like to submit a revised offer of £1,125,000 for the 4-bedroom house in Richmond. This is my absolute maximum. I am a cash buyer and can exchange within 2 weeks. Please convey this to the seller urgently. Best regards, Jonathan Parker",Offer_Submission,Richmond,"£1,125,000",dear agent vendors rejection initial offer would like submit revised offer £1125000 4bedroom house richmond absolute maximum cash buyer exchange within 2 weeks please convey seller urgently best regards jonathan parker
25,Valuation for buy-to-let property,"Hi there, I'm looking to value my buy-to-let property in Elephant & Castle before refinancing. It's a 1-bed flat currently tenanted at £1,400 pcm. When can you come round for a valuation? Thanks, Graham",Valuation_Request,Elephant & Castle,"£1,400",hi im looking value buytolet property elephant castle refinancing 1bed flat currently tenanted £1400 pcm come round valuation thanks graham
26,Viewing - New build in Woolwich,"Good morning, I would like to arrange a viewing for the new build 2-bed apartment in Woolwich Arsenal. I understand it's priced at £425,000 and is Help to Buy eligible. I'm available this weekend. Please confirm. Thanks, Kayla",Viewing_Request,Woolwich,"£425,000",good morning would like arrange viewing new build 2bed apartment woolwich arsenal understand priced £425000 help buy eligible im available weekend please confirm thanks kayla
30,viewing for family home in Ealing,"Hi, we're a family of four looking for a 4-bedroom house in Ealing and saw your listing for the one on Northfield Avenue. Could we view it this Sunday? Budget is up to £850k. Also interested to know the EPC rating. Thanks, The Patels",Viewing_Request,Ealing,"£850,000",hi family four looking 4bedroom house ealing saw listing one northfield avenue could view sunday budget £850k also interested know epc rating thanks patels
32,Offer - penthouse Battersea,"Good afternoon, I wish to make an offer of £1,650,000 for the penthouse apartment in Battersea. I understand it's a new development with river views. I have proof of funds available and no onward chain. Please advise if this is acceptable to the developer. Regards, Mr. Singh",Offer_Submission,Battersea,"£1,650,000",good afternoon wish make offer £1650000 penthouse apartment battersea understand new development river views proof funds available onward chain please advise acceptable developer regards mr singh
34,urgent viewing needed,hi im looking for a flat urgently as my current landlord is selling up. saw your 1 bed in peckham for £1200 pcm. can i see it today or tomorrow? im a good tenant with references. please let me know asap,Viewing_Request,Peckham,"£1,200",hi im looking flat urgently current landlord selling saw 1 bed peckham £1200 pcm see today tomorrow im good tenant references please let know asap
37,Viewing Saturday - house in Wimbledon,"Hello, I'm very interested in the 3-bed house in Wimbledon listed at £775,000. Are you available for a viewing this Saturday around 11am? I'm a first-time buyer with agreement in principle sorted. Thanks, Chris",Viewing_Request,Wimbledon,"£775,000",hello im interested 3bed house wimbledon listed £775000 available viewing saturday around 11am im firsttime buyer agreement principle sorted thanks chris
38,FINAL OFFER - Flat in Greenwich,"This is my final offer of £395,000 for the 2-bedroom flat in Greenwich (ref: GRN-8821). I've already offered £380k and £390k which were rejected. This is absolutely my limit. I'm chain-free with cash deposit ready. Please confirm if vendor will accept. James",Offer_Submission,Greenwich,"£395,000",final offer £395000 2bedroom flat greenwich ref grn8821 ive already offered £380k £390k rejected absolutely limit im chainfree cash deposit ready please confirm vendor accept james
41,viewing tomorrow possible?,hi can i view the 2 bed flat in finsbury park tomorrow? the one going for £1650 pcm. im available after 3pm. let me know. thanks,Viewing_Request,Finsbury Park,"£1,650",hi view 2 bed flat finsbury park tomorrow one going £1650 pcm im available 3pm let know thanks
43,Offer on bungalow - Sutton,"Good afternoon, I would like to offer £465,000 for the 2-bedroom bungalow in Sutton. It's perfect for my retired parents. I can complete within 6 weeks and have no chain. Please let me know if this is acceptable. Many thanks, Catherine",Offer_Submission,Sutton,"£465,000",good afternoon would like offer £465000 2bedroom bungalow sutton perfect retired parents complete within 6 weeks chain please let know acceptable many thanks catherine
45,Book viewing - luxury flat Kensington,"Good evening, I wish to arrange a viewing for the luxury 2-bedroom apartment in Kensington, listed at £3,500 pcm. I require a property close to my office in Knightsbridge. Would Tuesday afternoon suit? I can provide employer references and proof of income. Regards, Dr. Ahmed",Viewing_Request,Kensington,"£3,500",good evening wish arrange viewing luxury 2bedroom apartment kensington listed £3500 pcm require property close office knightsbridge would tuesday afternoon suit provide employer references proof income regards dr ahmed
47,Offer - Investment property E16,"Hi, I'm interested in purchasing the 1-bed flat in E16 as a buy-to-let investment. I'd like to offer £285,000. It's currently tenanted which is ideal for me. I'm a cash buyer so can move quickly. What are the vendor's thoughts? Thanks, Mr. Wong",Offer_Submission,E16,"£285,000",hi im interested purchasing 1bed flat e16 buytolet investment id like offer £285000 currently tenanted ideal im cash buyer move quickly vendors thoughts thanks mr wong
49,Viewing - Converted warehouse Shoreditch,"Hi there, love the look of the converted warehouse flat in Shoreditch you've got listed. The one with the exposed brick and mezzanine bedroom at £2,400 pcm. Can I see it this week? Very keen! Thanks, Jess",Viewing_Request,Shoreditch,"£2,400",hi love look converted warehouse flat shoreditch youve got listed one exposed brick mezzanine bedroom £2400 pcm see week keen thanks jess
51,Viewing - Garden flat Shepherd's Bush,"Good morning, I'm interested in viewing the garden flat in Shepherd's Bush advertised at £1,950 pcm. I work from home so the garden space is essential. Could we arrange a viewing for early next week? Many thanks, Rebecca",Viewing_Request,Shepherd's Bush,"£1,950",good morning im interested viewing garden flat shepherds bush advertised £1950 pcm work home garden space essential could arrange viewing early next week many thanks rebecca
53,Offer on maisonette - Balham,"Hi, I'd like to put forward an offer of £615,000 for the 3-bed maisonette in Balham. Viewed it on Thursday and think it's perfect for us. We're first-time buyers with mortgage sorted. Let me know what the seller thinks. Thanks, Sarah & Mike",Offer_Submission,Balham,"£615,000",hi id like put forward offer £615000 3bed maisonette balham viewed thursday think perfect us firsttime buyers mortgage sorted let know seller thinks thanks sarah mike
54,Valuation for house sale - Chiswick,"Dear Estate Agent, I wish to instruct a valuation for my 4-bedroom terraced house in Chiswick. The property benefits from a loft conversion and south-facing garden. I am targeting a sale price around £950,000. Please contact me to arrange an appointment. Yours sincerely, Andrew Mitchell",Valuation_Request,Chiswick,"£950,000",dear estate agent wish instruct valuation 4bedroom terraced house chiswick property benefits loft conversion southfacing garden targeting sale price around £950000 please contact arrange appointment sincerely andrew mitchell
55,can i see the studio flat,hi saw your ad for the studio in kings cross. is it still available? if so can i come see it tonight or tomorrow? budget is around 1100 pcm. cheers,Viewing_Request,Kings Cross,"£1,100",hi saw ad studio kings cross still available come see tonight tomorrow budget around 1100 pcm cheers
58,Viewing this weekend - Docklands,"Hi there, we're looking for a 2-bed rental in Docklands and your property at £1,850 pcm looks ideal. Any chance of viewing this Saturday morning? We can provide excellent references from current landlord. Best, Tony",Viewing_Request,Docklands,"£1,850",hi looking 2bed rental docklands property £1850 pcm looks ideal chance viewing saturday morning provide excellent references current landlord best tony
59,FINAL OFFER - House in Wandsworth,"This is my absolute final offer of £735,000 for the property on Trinity Road, Wandsworth. My previous offer of £715k was rejected but this is genuinely the maximum I can go to. Chain-free buyer, ready to proceed. Please confirm urgently. Marcus",Offer_Submission,Wandsworth,"£735,000",absolute final offer £735000 property trinity road wandsworth previous offer £715k rejected genuinely maximum go chainfree buyer ready proceed please confirm urgently marcus
62,View property on Alexandra Road,"Morning! Interested in the 3-bed terraced on Alexandra Road you've got listed for £525k. We're serious buyers with deposit ready. Can we view it Tuesday evening around 6pm? Cheers, The Johnsons",Viewing_Request,Alexandra Road,"£525,000",morning interested 3bed terraced alexandra road youve got listed £525k serious buyers deposit ready view tuesday evening around 6pm cheers johnsons
63,Offer - New build in Barking Riverside,"Dear Sirs, I would like to submit an offer of £365,000 for the 2-bedroom apartment in the new Barking Riverside development. I qualify for Help to Buy and have mortgage agreement in principle from Santander. Please advise. Kind regards, Fatima Khan",Offer_Submission,Barking Riverside,"£365,000",dear sirs would like submit offer £365000 2bedroom apartment new barking riverside development qualify help buy mortgage agreement principle santander please advise kind regards fatima khan
67,Revised offer - Flat in Putney,"Good morning, the vendor rejected my offer of £440,000 for the 2-bed flat in Putney. I'd like to increase this to £455,000 which is my absolute limit. I'm a proceedable buyer with no chain. Please present this urgently. Best regards, Oliver",Offer_Submission,Putney,"£455,000",good morning vendor rejected offer £440000 2bed flat putney id like increase £455000 absolute limit im proceedable buyer chain please present urgently best regards oliver
70,Viewing - Period conversion Muswell Hill,"Dear Agent, I am very interested in viewing the ground floor flat in the period conversion on Muswell Hill Broadway, listed at £2,200 pcm. I particularly like the original features mentioned. Available Thursday or Friday afternoon. Regards, Dr. Patterson",Viewing_Request,Muswell Hill,"£2,200",dear agent interested viewing ground floor flat period conversion muswell hill broadway listed £2200 pcm particularly like original features mentioned available thursday friday afternoon regards dr patterson
71,Offer on bungalow - Bexley,"Hi, following our viewing yesterday, we'd like to offer £425,000 for the 2-bed bungalow in Bexley. We're downsizing from a larger house and are chain-free. Perfect property for us. Please let us know. John & Mary",Offer_Submission,Bexley,"£425,000",hi following viewing yesterday wed like offer £425000 2bed bungalow bexley downsizing larger house chainfree perfect property us please let us know john mary
73,Valuation - Investment property,"Good afternoon, I own a portfolio of rental properties and I'm looking to value a 1-bed flat in Stratford before refinancing. Currently let at £1,300 pcm with good tenant. When can you visit? Regards, Mr. Patel",Valuation_Request,Stratford,"£1,300",good afternoon portfolio rental properties im looking value 1bed flat stratford refinancing currently let £1300 pcm good tenant visit regards mr patel
74,Urgent viewing needed - Acton,"Hi, desperately need to find a flat as current landlord selling up. Saw your 2-bed in Acton at £1,700 pcm. Can I view ASAP - even today if poss? Got references ready. Please help! Emma",Viewing_Request,Acton,"£1,700",hi desperately need find flat current landlord selling saw 2bed acton £1700 pcm view asap even today poss got references ready please help emma
75,Offer - Victorian terrace Highgate,"Good morning, I wish to offer £1,250,000 for the 4-bedroom Victorian terrace in Highgate. Beautiful property and perfect for our growing family. We have 40% deposit and mortgage offer from HSBC. Chain-free. Please advise seller's position. Timothy Greene",Offer_Submission,Highgate,"£1,250,000",good morning wish offer £1250000 4bedroom victorian terrace highgate beautiful property perfect growing family 40 deposit mortgage offer hsbc chainfree please advise sellers position timothy greene
78,viewing tomorrow lunchtime?,hi can i view the flat in holloway road tomorrow around 1pm? the 1 bed for 1250 pcm. im a professional with good references. let me know asap. thanks,Viewing_Request,Holloway Road,"£1,250",hi view flat holloway road tomorrow around 1pm 1 bed 1250 pcm im professional good references let know asap thanks
79,Counter offer - Property in Brentford,"Further to the vendor's rejection of my £520,000 offer, I'd like to counter with £545,000 for the house in Brentford. This reflects the survey findings regarding the roof. I remain very interested but this is fair value. Please respond. Daniel",Offer_Submission,Brentford,"£545,000",vendors rejection £520000 offer id like counter £545000 house brentford reflects survey findings regarding roof remain interested fair value please respond daniel
82,Viewing - Conversion flat Clapham North,"Hello, I'd love to view the 1-bed conversion flat near Clapham North station listed at £1,550 pcm. The period features look lovely. I'm available most evenings this week. Looking forward to hearing from you. Anna",Viewing_Request,Clapham North,"£1,550",hello id love view 1bed conversion flat near clapham north station listed £1550 pcm period features look lovely im available evenings week looking forward hearing anna
83,Offer on terraced house - Leyton,"Hi there, I'd like to make an offer of £485,000 for the 3-bed terraced house in Leyton. It's our first home purchase and we're really excited about it. We have agreement in principle from Nationwide. Hope the vendor accepts! Regards, Chloe",Offer_Submission,Leyton,"£485,000",hi id like make offer £485000 3bed terraced house leyton first home purchase really excited agreement principle nationwide hope vendor accepts regards chloe
86,View modern flat Canary Wharf,"Good afternoon, very interested in the modern 1-bed flat in Canary Wharf you're advertising at £1,900 pcm. I work in finance nearby. Can we arrange a viewing before Friday? I can move quickly. Thanks, James",Viewing_Request,Canary Wharf,"£1,900",good afternoon interested modern 1bed flat canary wharf youre advertising £1900 pcm work finance nearby arrange viewing friday move quickly thanks james
87,BEST AND FINAL OFFER - Catford,"This is my best and final offer of £395,000 for the property in Catford. I've already offered £375k and £385k. Cannot go higher. Cash buyer, no chain, can complete in 3 weeks. Please confirm vendor's decision by COB today. Thanks, Mark",Offer_Submission,Catford,"£395,000",best final offer £395000 property catford ive already offered £375k £385k cannot go higher cash buyer chain complete 3 weeks please confirm vendors decision cob today thanks mark
90,Viewing request - House in Twickenham,"Hi, we're a family looking to relocate to Twickenham and your 4-bed house at £895,000 looks perfect. Could we view it this Sunday afternoon? We're serious buyers with house sale agreed. The Martins",Viewing_Request,Twickenham,"£895,000",hi family looking relocate twickenham 4bed house £895000 looks perfect could view sunday afternoon serious buyers house sale agreed martins
91,Offer - Apartment in Bow,"Dear Agent, I would like to offer £315,000 for the 1-bedroom apartment in Bow (ref: BOW-2234). I am a first-time buyer with 20% deposit saved. My solicitor is instructed and ready to proceed. Please let me know vendor's response. Kind regards, Lauren",Offer_Submission,Bow,"£315,000",dear agent would like offer £315000 1bedroom apartment bow ref bow2234 firsttime buyer 20 deposit saved solicitor instructed ready proceed please let know vendors response kind regards lauren
93,Valuation for BTL property - Ilford,"Hi, I need a valuation on my buy-to-let in Ilford before I remortgage. It's a 2-bed flat above shops, currently tenanted at £1,200 pcm. Can you do a valuation this week? Cheers, Mohammed",Valuation_Request,Ilford,"£1,200",hi need valuation buytolet ilford remortgage 2bed flat shops currently tenanted £1200 pcm valuation week cheers mohammed
94,can i see the house on park avenue,saw your listing for the 3 bed house on park avenue. looks great. can i come see it saturday morning? budget is up to 650k. got mortgage sorted already. let me know. paul,Viewing_Request,Park Avenue,"£650,000",saw listing 3 bed house park avenue looks great come see saturday morning budget 650k got mortgage sorted already let know paul
95,Offer submission - Flat in Cricklewood,"Good afternoon, I am pleased to offer £340,000 for the 2-bedroom flat in Cricklewood. The property meets all my requirements and I am a cash buyer with no onward chain. I can exchange within 4 weeks. Please confirm receipt. Mrs. Singh",Offer_Submission,Cricklewood,"£340,000",good afternoon pleased offer £340000 2bedroom flat cricklewood property meets requirements cash buyer onward chain exchange within 4 weeks please confirm receipt mrs singh
98,Viewing - Penthouse Greenwich,"Hello! Really love the look of the penthouse in Greenwich listed at £2,800 pcm. The roof terrace is amazing. Could I view it this week? I'm a company director and can provide employer references. Thanks, Amanda",Viewing_Request,Greenwich,"£2,800",hello really love look penthouse greenwich listed £2800 pcm roof terrace amazing could view week im company director provide employer references thanks amanda
99,Offer for new build - Woolwich,"Hi, I'd like to offer £405,000 for the new build 2-bed in Woolwich Arsenal. It's Help to Buy eligible which is perfect for me as a first-time buyer. I have my HTB ISA ready. What do the developers say? Thanks, Connor",Offer_Submission,Woolwich,"£405,000",hi id like offer £405000 new build 2bed woolwich arsenal help buy eligible perfect firsttime buyer htb isa ready developers say thanks connor
ID,Subject,Email_Body,Intent,Mentioned_Location,Mentioned_Price,email_body
101,Viewing for N18 flat,"Hi, I saw the 2 bed flat in Edmonton N18 on Rightmove for £1,400 pcm. Could we arrange a viewing for this Saturday? Thanks, Mark.",Viewing_Request,N18,"£1,400 pcm",hi saw 2 bed flat edmonton n18 rightmove £1400 pcm could arrange viewing saturday thanks mark
103,(no subject),hi can i view the property on high st cr0 it is listed at 350 pw let me know when u are free,Viewing_Request,CR0,£350 pw,hi view property high st cr0 listed 350 pw let know u free
104,SW1 apartment viewing,"Dear Agent, I would like to enquire about the leasehold apartment in SW1 (£650,000). What is the remaining lease length and the ground rent? I'd like to book a viewing for next week. Regards.",Viewing_Request,SW1,"£650,000",dear agent would like enquire leasehold apartment sw1 £650000 remaining lease length ground rent id like book viewing next week regards
106,Interested in renting E14,"Hello, spotted the 1 bed flat in Canary Wharf E14 going for £2100 PCM. Im moving to London next month, can we do a virtual viewing?",Viewing_Request,E14,£2100 PCM,hello spotted 1 bed flat canary wharf e14 going £2100 pcm im moving london next month virtual viewing
107,Request to view property,"Hi there, I am looking for a 3-bed semi in Croydon. I saw one on your site for £450k. Is it still available to view?",Viewing_Request,Croydon,£450k,hi looking 3bed semi croydon saw one site £450k still available view
108,viewing enquiry,hi is the house in wimbledon sw19 still available for viewings? looking for a long term let around 1800 pcm.,Viewing_Request,SW19,£1800 pcm,hi house wimbledon sw19 still available viewings looking long term let around 1800 pcm
109,Property Ref: 49201,"Dear Sir/Madam, I wish to register my interest in viewing the ground floor maisonette in Brixton. I have a mortgage in principle up to £400,000.",Viewing_Request,Brixton,"£400,000",dear sirmadam wish register interest viewing ground floor maisonette brixton mortgage principle £400000
111,Viewing - 2 bed terraced,"Hi, I'd like to view the two bed terraced house in N4 (£550,000). Could you confirm the council tax band and EPC rating before we visit?",Viewing_Request,N4,"£550,000",hi id like view two bed terraced house n4 £550000 could confirm council tax band epc rating visit
112,Renting N1,"Morning, saw the studio in Angel N1 for 400 pw. Can I pop round to see it tomorrow at 6pm?",Viewing_Request,N1,£400 pw,morning saw studio angel n1 400 pw pop round see tomorrow 6pm
113,To let viewing,"Good morning, I'm interested in the 2 bedroom flat on King's Road. Is the rent strictly £2,500 PCM or open to negotiation? I'd like to arrange a viewing.",Viewing_Request,King's Road,"£2,500 PCM",good morning im interested 2 bedroom flat kings road rent strictly £2500 pcm open negotiation id like arrange viewing
117,valutaion,need a quick valuation for my flat in se1. wanting to put it on market asap for around 500k. let me know.,Valuation_Request,SE1,£500k,need quick valuation flat se1 wanting put market asap around 500k let know
118,House Valuation in Islington,"Hello, we are planning to upsize and would like to know how much our terraced house in Islington N1 is currently worth. We bought it 5 years ago for £750,000.",Valuation_Request,Islington N1,"£750,000",hello planning upsize would like know much terraced house islington n1 currently worth bought 5 years ago £750000
120,Rental valuation enquiry,"Dear Lettings Team, I have just completed the refurbishment of a 1-bedroom flat in E2. I am hoping to achieve £1,800 PCM. Can you conduct a rental valuation?",Valuation_Request,E2,"£1,800 PCM",dear lettings team completed refurbishment 1bedroom flat e2 hoping achieve £1800 pcm conduct rental valuation
122,selling my house,"we want to sell our 4 bed detached in barnet EN5. could you value it for us? hoping for over 800,000.",Valuation_Request,EN5,"£800,000",want sell 4 bed detached barnet en5 could value us hoping 800000
139,Offer for N18 flat,"Dear Agent, following our viewing today, we would like to submit an offer of £380,000 for the 2-bed flat in N18. We are chain-free first-time buyers.",Offer_Submission,N18,"£380,000",dear agent following viewing today would like submit offer £380000 2bed flat n18 chainfree firsttime buyers
140,Making an offer to rent,"Hi, we loved the semi-detached in E4. We would like to offer the asking price of £2,200 PCM, looking to move in on the 1st of next month.",Offer_Submission,E4,"£2,200 PCM",hi loved semidetached e4 would like offer asking price £2200 pcm looking move 1st next month
141,offer on camden house,hi there we wanna put in an offer for the terraced house in camden. £850k cash buyer. let me know what the vendor says.,Offer_Submission,Camden,£850k,hi wanna put offer terraced house camden £850k cash buyer let know vendor says
142,Official Offer - SW1 Leasehold,"Good afternoon, I am writing to formally offer £1,150,000 for the leasehold apartment in SW1. Please see attached my AIP and solicitor details.",Offer_Submission,SW1,"£1,150,000",good afternoon writing formally offer £1150000 leasehold apartment sw1 please see attached aip solicitor details
143,rent offer,offering 450 pw for the studio in N1. can pay 6 months upfront.,Offer_Submission,N1,£450 pw,offering 450 pw studio n1 pay 6 months upfront
144,Offer Submission - CR0,"Dear Sirs, we would like to make an offer of £425,000 for the 3-bed house in Croydon. We are currently in a short chain which is almost complete.",Offer_Submission,Croydon,"£425,000",dear sirs would like make offer £425000 3bed house croydon currently short chain almost complete
145,Revised Offer,"Hi, we are willing to increase our offer on the E14 flat to £610,000. This is our final and best offer, please pass it on to the vendor.",Offer_Submission,E14,"£610,000",hi willing increase offer e14 flat £610000 final best offer please pass vendor
146,(no subject),ill take the room in tooting SW17 for 800 pcm. send me the holding deposit link pls.,Offer_Submission,SW17,£800 pcm,ill take room tooting sw17 800 pcm send holding deposit link pls
147,Letting offer,"Hello, I'd like to submit an offer for the 2 bed in Islington. Happy to pay the £2,600 PCM but would request the landlord replaces the old boiler before we move in.",Offer_Submission,Islington,"£2,600 PCM",hello id like submit offer 2 bed islington happy pay £2600 pcm would request landlord replaces old boiler move
148,Buying the freehold property in E8,"To whom it may concern, I wish to put forward an offer of £920,000 for the freehold terraced house in E8. My mortgage in principle is sorted.",Offer_Submission,E8,"£920,000",may concern wish put forward offer £920000 freehold terraced house e8 mortgage principle sorted
149,low offer,"hi i know its listed for 500k but it needs a lot of work. ill offer 460,000 for the flat in SE1. chain free.",Offer_Submission,SE1,"£460,000",hi know listed 500k needs lot work ill offer 460000 flat se1 chain free
150,Final Offer,"Dear Lettings Manager, we are prepared to offer £3,000 PCM for the 4-bedroom house in SW19, provided the council tax is included in the rent.",Offer_Submission,SW19,"£3,000 PCM",dear lettings manager prepared offer £3000 pcm 4bedroom house sw19 provided council tax included rent
152,flat viewing,hi saw the 2 bed on wandsworth rd sw8 for 1900 pcm. can we c it tommorow?,Viewing_Request,SW8,£1900 pcm,hi saw 2 bed wandsworth rd sw8 1900 pcm c tommorow
153,(no subject),is the studio in e1 still available for 300 pw?,Viewing_Request,E1,£300 pw,studio e1 still available 300 pw
154,Viewing Request: W2 Leasehold,"Dear Sir/Madam, please can I book a viewing for the 1-bed leasehold flat in W2 listed at £550k? I would also like to know the service charge.",Viewing_Request,W2,£550k,dear sirmadam please book viewing 1bed leasehold flat w2 listed £550k would also like know service charge
157,viewig,"hi want to view the huse in ilford IG1 listed for 450,000",Viewing_Request,IG1,"£450,000",hi want view huse ilford ig1 listed 450000
158,Student let WC1,"To the Lettings Team, my daughter and her friend are looking to rent the 2-bed flat in WC1 for £2,400 PCM. Can we view it on Friday?",Viewing_Request,WC1,"£2,400 PCM",lettings team daughter friend looking rent 2bed flat wc1 £2400 pcm view friday
160,End-of-terrace Greenwich,"Good afternoon, we'd like to arrange a viewing for the end-of-terrace property in SE10. We have a mortgage in principle up to £600k.",Viewing_Request,SE10,£600k,good afternoon wed like arrange viewing endofterrace property se10 mortgage principle £600k
161,renting e17,can i view the walthamstow flat for 1600 pcm on saturday morning?,Viewing_Request,E17,£1600 pcm,view walthamstow flat 1600 pcm saturday morning
162,BR3 Detached Viewing,"Dear Lettings, I am inquiring about the detached family home in Beckenham BR3. Is it available for a long-term let at £3,200 PCM?",Viewing_Request,BR3,"£3,200 PCM",dear lettings inquiring detached family home beckenham br3 available longterm let £3200 pcm
165,Selling in SW16,"Dear Team, we are looking to upsize and need a valuation on our current semi-detached property in Streatham SW16. We bought for £500k 4 years ago.",Valuation_Request,SW16,£500k,dear team looking upsize need valuation current semidetached property streatham sw16 bought £500k 4 years ago
170,sellng my house,hi want to sell my terrace in croydon cr2 hoping for around 400k can u value it,Valuation_Request,CR2,£400k,hi want sell terrace croydon cr2 hoping around 400k u value
172,house val,"how much is my 3 bed in leytonstone e11 worth now? bought it for 550,000 in 2020.",Valuation_Request,E11,"£550,000",much 3 bed leytonstone e11 worth bought 550000 2020
176,BOILER BROKEN AGAIN,This is ridiculous! The boiler in the N19 flat is broken AGAIN. We pay £1800 pcm to freeze. Send an engineer TODAY!,Maintenance_Issue,N19,£1800 pcm,ridiculous boiler n19 flat broken pay £1800 pcm freeze send engineer today
182,Damp and Mould E5,"To whom it may concern, the damp in the second bedroom in E5 is getting worse and ruining our clothes. We pay our council tax and £2000 rent on time, fix this now!",Maintenance_Issue,E5,£2000,may concern damp second bedroom e5 getting worse ruining clothes pay council tax £2000 rent time fix
189,Offer for NW1 property,"Dear Agent, we would like to formally offer the asking price of £850,000 for the freehold property in NW1. We are chain-free.",Offer_Submission,NW1,"£850,000",dear agent would like formally offer asking price £850000 freehold property nw1 chainfree
190,rent offer E1W,hi we loved the flat in wapping E1W. happy to offer £2300 pcm to secure it off market.,Offer_Submission,E1W,£2300 pcm,hi loved flat wapping e1w happy offer £2300 pcm secure market
191,(no subject),offering 1.2m cash for the sw3 townhouse. take it or leave it.,Offer_Submission,SW3,£1.2m,offering 12m cash sw3 townhouse take leave
192,Offer on SE11 flat,"Good morning, I wish to submit an offer of £500 pw for the flat in SE11. I am happy to pay 12 months rent upfront.",Offer_Submission,SE11,£500 pw,good morning wish submit offer £500 pw flat se11 happy pay 12 months rent upfront
193,First-time buyer offer N8,"Dear Sirs, as first-time buyers with an AIP ready, we would like to offer £525,000 for the 2-bed leasehold flat in N8.",Offer_Submission,N8,"£525,000",dear sirs firsttime buyers aip ready would like offer £525000 2bed leasehold flat n8
194,offer,i wanna put in an offer of 400k for the ex-council flat in e9.,Offer_Submission,E9,£400k,wanna put offer 400k excouncil flat e9
195,renting SW18,hi offering asking price of 2500 pcm for the wandsworth house. can move next friday.,Offer_Submission,SW18,£2500 pcm,hi offering asking price 2500 pcm wandsworth house move next friday
196,Revised Offer W11,"Dear Agent, following the negative survey report, we are revising our offer on the W11 property down to £950,000 to account for the necessary roof repairs.",Offer_Submission,W11,"£950,000",dear agent following negative survey report revising offer w11 property £950000 account necessary roof repairs
197,Offer with pet clause,"Hello, we'd like to offer £1,950 PCM for the N16 flat, subject to the landlord adding a pet clause for our well-behaved indoor cat.",Offer_Submission,N16,"£1,950 PCM",hello wed like offer £1950 pcm n16 flat subject landlord adding pet clause wellbehaved indoor cat
198,offer BR2,"putting in an offer of £600,000 for the semi in BR2. we are in a complete chain.",Offer_Submission,BR2,"£600,000",putting offer £600000 semi br2 complete chain
199,FINAL OFFER SE23,"Tell the vendor this is my absolute final offer: £730k for the SE23 house. If they don't accept by 5pm tomorrow, I am walking away.",Offer_Submission,SE23,£730k,tell vendor absolute final offer £730k se23 house dont accept 5pm tomorrow walking away
200,Corporate Let Offer EC1,"To the Lettings Director, my company would like to secure the EC1 apartment for a 2-year corporate let. We offer £3,500 PCM.",Offer_Submission,EC1,"£3,500 PCM",lettings director company would like secure ec1 apartment 2year corporate let offer £3500 pcm
201,Viewing - Converted warehouse Hackney,"Good evening, I'm very interested in the converted warehouse apartment in Hackney Wick at £2,300 pcm. Love the industrial features and high ceilings. Can we arrange a viewing for next week? I'm flexible on timings. Best regards, Sophie",Viewing_Request,Hackney,"£2,300",good evening im interested converted warehouse apartment hackney wick £2300 pcm love industrial features high ceilings arrange viewing next week im flexible timings best regards sophie
203,Offer - Detached house Bromley,"Dear Sir/Madam, Following our second viewing on Saturday, we would like to offer £725,000 for the 4-bedroom detached house in Bromley. We are chain-free and have a 30% deposit. Our mortgage has been formally offered. Please advise at your earliest convenience. Regards, The Hendersons",Offer_Submission,Bromley,"£725,000",dear sirmadam following second viewing saturday would like offer £725000 4bedroom detached house bromley chainfree 30 deposit mortgage formally offered please advise earliest convenience regards hendersons
205,urgent viewing needed today,hi really need to find somewhere asap. can i view the flat in vauxhall today? any time after 2pm works for me. the one at 1600 pcm. please let me know quickly. desperate! tom,Viewing_Request,Vauxhall,"£1,600",hi really need find somewhere asap view flat vauxhall today time 2pm works one 1600 pcm please let know quickly desperate tom
208,Viewing - Family home Ealing,"Hello, we're relocating to London for work and your 4-bed house in Ealing looks perfect for our family. Listed at £975,000. Could we view it this weekend? We're serious buyers with finance arranged. The Kowalskis",Viewing_Request,Ealing,"£975,000",hello relocating london work 4bed house ealing looks perfect family listed £975000 could view weekend serious buyers finance arranged kowalskis
209,Offer on studio flat - Whitechapel,"Hi, I'd like to offer £245,000 for the studio flat in Whitechapel. It's ideal for me as a first-time buyer and close to my work. I have a mortgage offer from Halifax and can proceed quickly. Let me know what the seller thinks. Cheers, Ryan",Offer_Submission,Whitechapel,"£245,000",hi id like offer £245000 studio flat whitechapel ideal firsttime buyer close work mortgage offer halifax proceed quickly let know seller thinks cheers ryan
212,View maisonette Kentish Town,"Good afternoon, interested in viewing the 2-bed maisonette in Kentish Town you're advertising at £1,750 pcm. The private entrance is a big plus. I'm available Tuesday or Thursday evening. Thanks, Priya",Viewing_Request,Kentish Town,"£1,750",good afternoon interested viewing 2bed maisonette kentish town youre advertising £1750 pcm private entrance big plus im available tuesday thursday evening thanks priya
213,REVISED OFFER - House in Barnes,"Further to our discussion, I'm increasing my offer to £1,450,000 for the house in Barnes. This is a significant increase from my original £1,380,000 and represents fair market value given recent comparables. Chain-free buyer. Please confirm urgently. William Chen",Offer_Submission,Barnes,"£1,450,000",discussion im increasing offer £1450000 house barnes significant increase original £1380000 represents fair market value given recent comparables chainfree buyer please confirm urgently william chen
217,Offer - Period property Crouch End,"Good morning, I would like to submit an offer of £895,000 for the 3-bedroom period house in Crouch End. Absolutely fell in love with the original fireplaces and stained glass. We have a 25% deposit and are first-time buyers. Please advise. Best wishes, Hannah",Offer_Submission,Crouch End,"£895,000",good morning would like submit offer £895000 3bedroom period house crouch end absolutely fell love original fireplaces stained glass 25 deposit firsttime buyers please advise best wishes hannah
220,Viewing request - Flat near station,"Hi, I work in the city and need something close to a station. Your 1-bed flat near Stratford station at £1,450 pcm looks ideal. Can I view it Wednesday evening? I can move in straight away. Thanks, Abdul",Viewing_Request,Stratford,"£1,450",hi work city need something close station 1bed flat near stratford station £1450 pcm looks ideal view wednesday evening move straight away thanks abdul
221,Best and final - Flat in Fulham,"This is my absolute best and final offer of £625,000 for the 2-bed flat in Fulham. I've been patient through multiple negotiations but cannot go higher. Cash buyer, no survey needed, can complete in 2 weeks. Please get vendor's decision today. Marcus",Offer_Submission,Fulham,"£625,000",absolute best final offer £625000 2bed flat fulham ive patient multiple negotiations cannot go higher cash buyer survey needed complete 2 weeks please get vendors decision today marcus
224,view the house on elm street,hi there saw your 3 bed house on elm street listed for 595k. looks nice. can me and my wife see it saturday afternoon around 2? we have our mortgage approved already. let us know. john,Viewing_Request,Elm Street,"£595,000",hi saw 3 bed house elm street listed 595k looks nice wife see saturday afternoon around 2 mortgage approved already let us know john
225,Offer on new build apartment,"Dear Sirs, I wish to offer £385,000 for the new build 2-bedroom apartment in the Royal Wharf development. I understand completion is scheduled for July. I am a cash buyer and can exchange immediately. Please confirm developer's position. Kind regards, Mrs. Lee",Offer_Submission,Royal Wharf,"£385,000",dear sirs wish offer £385000 new build 2bedroom apartment royal wharf development understand completion scheduled july cash buyer exchange immediately please confirm developers position kind regards mrs lee
228,Viewing - Luxury penthouse,"Good evening, I am interested in viewing the luxury penthouse in St John's Wood listed at £4,500 pcm. The specification looks excellent. I am a senior executive and can provide company guarantee. Available this week. Dr. Morrison",Viewing_Request,St John's Wood,"£4,500",good evening interested viewing luxury penthouse st johns wood listed £4500 pcm specification looks excellent senior executive provide company guarantee available week dr morrison
229,Offer for maisonette - Turnpike Lane,"Hi, following my viewing yesterday, I'd like to offer £425,000 for the 2-bed maisonette near Turnpike Lane station. It's perfect for me and I'm a first-time buyer with everything ready to go. Hope they accept! Thanks, Lisa",Offer_Submission,Turnpike Lane,"£425,000",hi following viewing yesterday id like offer £425000 2bed maisonette near turnpike lane station perfect im firsttime buyer everything ready go hope accept thanks lisa
231,Valuation - Investment property E17,"Hi, I've got a couple of rental properties and need one valued in Walthamstow (E17). Currently let at £1,500 pcm, 2-bed flat, leasehold. Need it for remortgage purposes. Can you help? Cheers, Imran",Valuation_Request,E17,"£1,500",hi ive got couple rental properties need one valued walthamstow e17 currently let £1500 pcm 2bed flat leasehold need remortgage purposes help cheers imran
232,can i view tonight,hi is the 1 bed flat in camden town still available to view? can i come see it tonight around 7? budget is 1400 pcm max. thanks sarah,Viewing_Request,Camden Town,"£1,400",hi 1 bed flat camden town still available view come see tonight around 7 budget 1400 pcm max thanks sarah
233,Counter offer - House in Sidcup,"Good afternoon, the vendor countered at £465,000 but I can only go to £450,000 for the house in Sidcup. This is my absolute maximum given the work needed on the kitchen and bathroom. Please see if they'll accept. Chain-free buyer. Robert",Offer_Submission,Sidcup,"£450,000",good afternoon vendor countered £465000 go £450000 house sidcup absolute maximum given work needed kitchen bathroom please see theyll accept chainfree buyer robert
236,Viewing - Cottage style house,"Hello, we absolutely love the cottage-style 3-bed house in Chislehurst you have listed at £695,000. The character and charm are exactly what we're looking for. Could we view it this Saturday morning? The Williams family",Viewing_Request,Chislehurst,"£695,000",hello absolutely love cottagestyle 3bed house chislehurst listed £695000 character charm exactly looking could view saturday morning williams family
237,Offer - Flat with parking,"Hi there, I'd like to offer £355,000 for the 1-bed flat in Wembley Park with allocated parking. The parking space is essential for me. I'm a cash buyer with proof of funds available. Can complete within 6 weeks. Please advise. Thanks, David",Offer_Submission,Wembley Park,"£355,000",hi id like offer £355000 1bed flat wembley park allocated parking parking space essential im cash buyer proof funds available complete within 6 weeks please advise thanks david
240,View converted church flat,"Good morning, very intrigued by the converted church flat in Stoke Newington at £2,100 pcm. The high ceilings and arched windows look stunning. When can I view it? I'm a graphic designer working from home. Best, Jacob",Viewing_Request,Stoke Newington,"£2,100",good morning intrigued converted church flat stoke newington £2100 pcm high ceilings arched windows look stunning view im graphic designer working home best jacob
241,Final offer - Semi-detached,"This is my final offer of £545,000 for the semi-detached in Woodford Green. I've offered £520k and £535k previously. This is genuinely my limit. Mortgage approved, survey booked, solicitor instructed. Need vendor's decision by Friday please. Andrew",Offer_Submission,Woodford Green,"£545,000",final offer £545000 semidetached woodford green ive offered £520k £535k previously genuinely limit mortgage approved survey booked solicitor instructed need vendors decision friday please andrew
244,viewing for young professional,hi im a young professional looking for a 1 bed flat near transport links. saw yours in borough at 1650 pcm. looks good. can i view it this week? got references from my employer. thanks alex,Viewing_Request,Borough,"£1,650",hi im young professional looking 1 bed flat near transport links saw borough 1650 pcm looks good view week got references employer thanks alex
245,Offer on family home - Herne Hill,"Dear Agent, We would like to offer £875,000 for the beautiful family home in Herne Hill. It's perfect for our growing family with the garden and proximity to good schools. We are selling our current home (sale agreed) and have mortgage offer. Please present to vendor. The Patels",Offer_Submission,Herne Hill,"£875,000",dear agent would like offer £875000 beautiful family home herne hill perfect growing family garden proximity good schools selling current home sale agreed mortgage offer please present vendor patels
248,Viewing - Art deco apartment,"Good evening, I'm fascinated by the art deco apartment in Highbury listed at £2,400 pcm. The period details are magnificent. I'm an architect and would love to view it. Available most afternoons. Kind regards, Sebastian",Viewing_Request,Highbury,"£2,400",good evening im fascinated art deco apartment highbury listed £2400 pcm period details magnificent im architect would love view available afternoons kind regards sebastian
249,Offer - Investment purchase,"Good morning, I would like to offer £295,000 for the 1-bed flat in Barking as a buy-to-let investment. Property is currently tenanted which suits me perfectly. I'm a cash buyer and can complete quickly. Please confirm vendor's response. Mr. Ahmed",Offer_Submission,Barking,"£295,000",good morning would like offer £295000 1bed flat barking buytolet investment property currently tenanted suits perfectly im cash buyer complete quickly please confirm vendors response mr ahmed
252,can we view the house,saw your listing for the 4 bed house in kingston. looks perfect for us. can we come see it sunday morning? we have 3 kids so need the space. budget is around 850k. the johnsons,Viewing_Request,Kingston,"£850,000",saw listing 4 bed house kingston looks perfect us come see sunday morning 3 kids need space budget around 850k johnsons
253,Increased offer - Property in Teddington,"Hi, the vendor rejected my £685,000 offer for the house in Teddington. I'm now offering £705,000 which I believe is fair value. I remain very interested and am a proceedable buyer with mortgage sorted. Please get back to me soon. Thanks, Neil",Offer_Submission,Teddington,"£705,000",hi vendor rejected £685000 offer house teddington im offering £705000 believe fair value remain interested proceedable buyer mortgage sorted please get back soon thanks neil
256,Viewing - Regency townhouse,"Good morning, I'm absolutely captivated by the Regency townhouse in Brighton listed at £1,950,000. The period features are exceptional. I'm a cash buyer and would like to arrange a viewing this week if possible. Best regards, Sir James Montague",Viewing_Request,Brighton,"£1,950,000",good morning im absolutely captivated regency townhouse brighton listed £1950000 period features exceptional im cash buyer would like arrange viewing week possible best regards sir james montague
257,Offer for terraced cottage,"Hi, I'd like to offer £385,000 for the terraced cottage in Hampton. It's charming and exactly what we've been looking for. We're first-time buyers with 15% deposit and mortgage approved by Lloyds. Hope the seller accepts! Emma & Tom",Offer_Submission,Hampton,"£385,000",hi id like offer £385000 terraced cottage hampton charming exactly weve looking firsttime buyers 15 deposit mortgage approved lloyds hope seller accepts emma tom
260,urgent viewing today if possible,hi really need somewhere urgently. landlords selling my current place. can i view the 2 bed flat in tooting today? listed at 1700 pcm. any time after 3pm. please help! mark,Viewing_Request,Tooting,"£1,700",hi really need somewhere urgently landlords selling current place view 2 bed flat tooting today listed 1700 pcm time 3pm please help mark
261,FINAL OFFER - House in Dulwich,"This is categorically my final offer of £1,125,000 for the house in East Dulwich. I've been negotiating for 3 weeks and this is absolutely my ceiling. Chain-free, cash buyer, can complete in 10 days. Need yes or no by 5pm today. Christopher",Offer_Submission,East Dulwich,"£1,125,000",categorically final offer £1125000 house east dulwich ive negotiating 3 weeks absolutely ceiling chainfree cash buyer complete 10 days need yes 5pm today christopher
264,View loft apartment,"Good evening, I love the loft apartment in Shoreditch you're advertising at £2,600 pcm. The exposed brick and industrial features are exactly my style. I'm a freelance photographer. Can we arrange a viewing? Thanks, Zara",Viewing_Request,Shoreditch,"£2,600",good evening love loft apartment shoreditch youre advertising £2600 pcm exposed brick industrial features exactly style im freelance photographer arrange viewing thanks zara
265,Offer - House with annexe,"Dear Sirs, I would like to offer £795,000 for the 4-bedroom house with annexe in Borehamwood. The annexe is perfect for my elderly mother. I am a cash buyer with funds readily available. No chain. Please advise vendor's position. Kind regards, Mr. Goldstein",Offer_Submission,Borehamwood,"£795,000",dear sirs would like offer £795000 4bedroom house annexe borehamwood annexe perfect elderly mother cash buyer funds readily available chain please advise vendors position kind regards mr goldstein
268,viewing tomorrow morning,hi can i view the 3 bed house in greenwich tomorrow morning around 10am? saw it listed at 625k. we're cash buyers looking to move quickly. please confirm. thanks paul,Viewing_Request,Greenwich,"£625,000",hi view 3 bed house greenwich tomorrow morning around 10am saw listed 625k cash buyers looking move quickly please confirm thanks paul
269,Revised offer submission,"Good afternoon, following the survey which revealed some issues with the electrics, I'm revising my offer from £440,000 to £415,000 for the flat in Archway. This reflects the estimated £15k rewiring cost. Still very interested. Please discuss with vendor. Simon",Offer_Submission,Archway,"£415,000",good afternoon following survey revealed issues electrics im revising offer £440000 £415000 flat archway reflects estimated £15k rewiring cost still interested please discuss vendor simon
272,Viewing - Riverside apartment,"Hello, I'm very interested in the riverside apartment in Hammersmith at £2,200 pcm. The Thames views are spectacular. I work from home so the balcony would be perfect. Can I view it Thursday evening? Best, Rachel",Viewing_Request,Hammersmith,"£2,200",hello im interested riverside apartment hammersmith £2200 pcm thames views spectacular work home balcony would perfect view thursday evening best rachel
273,Offer on period property,"Hi, I'd like to offer £745,000 for the period property in Surbiton. Viewed it twice and love the original features. We're selling our flat (sale agreed) and have mortgage offer from HSBC. Chain moving smoothly. Please advise. The Clarks",Offer_Submission,Surbiton,"£745,000",hi id like offer £745000 period property surbiton viewed twice love original features selling flat sale agreed mortgage offer hsbc chain moving smoothly please advise clarks
277,Final offer - Flat in Crystal Palace,"This is absolutely my final offer of £335,000 for the flat in Crystal Palace. I've offered £315k and £325k previously. I'm a first-time buyer with Help to Buy ISA and cannot stretch any further. Please get vendor's final decision. Lucy",Offer_Submission,Crystal Palace,"£335,000",absolutely final offer £335000 flat crystal palace ive offered £315k £325k previously im firsttime buyer help buy isa cannot stretch please get vendors final decision lucy
280,Viewing - Character cottage,"Good morning, I'm enchanted by the character cottage in Kew listed at £875,000. The exposed beams and inglenook fireplace are wonderful. We're downsizing from a larger house. Could we view it this weekend? Mr & Mrs Thompson",Viewing_Request,Kew,"£875,000",good morning im enchanted character cottage kew listed £875000 exposed beams inglenook fireplace wonderful downsizing larger house could view weekend mr mrs thompson
281,Offer - Modern apartment,"Dear Agent, I would like to submit an offer of £415,000 for the modern 2-bed apartment in Watford. It's in excellent condition and the location is perfect for my commute. I have a mortgage offer from NatWest and am chain-free. Please confirm receipt. Regards, Stephanie",Offer_Submission,Watford,"£415,000",dear agent would like submit offer £415000 modern 2bed apartment watford excellent condition location perfect commute mortgage offer natwest chainfree please confirm receipt regards stephanie
284,viewing this week,hi saw your 2 bed flat in borough advertised at 1850 pcm. looks nice. can i view it wednesday or thursday evening? working in the city so need good transport links. thanks james,Viewing_Request,Borough,"£1,850",hi saw 2 bed flat borough advertised 1850 pcm looks nice view wednesday thursday evening working city need good transport links thanks james
285,Best offer - House in Chingford,"Good morning, this is my very best offer of £565,000 for the house in Chingford. I've been very patient through negotiations. Cash buyer, no chain, survey complete. This is fair market value. Please get vendor's final answer today. Malcolm",Offer_Submission,Chingford,"£565,000",good morning best offer £565000 house chingford ive patient negotiations cash buyer chain survey complete fair market value please get vendors final answer today malcolm
288,Viewing - Eco-friendly home,"Good evening, very interested in the eco-friendly 3-bed house in Twickenham at £825,000. The solar panels and heat pump are exactly what we're looking for. Can we view it this Saturday? We're environmentally conscious buyers. The Greens",Viewing_Request,Twickenham,"£825,000",good evening interested ecofriendly 3bed house twickenham £825000 solar panels heat pump exactly looking view saturday environmentally conscious buyers greens
289,Offer on coach house,"Hi there, I'd like to offer £495,000 for the converted coach house in Esher. It's unique and charming. I'm a first-time buyer with 30% deposit saved and mortgage agreed with Barclays. Really hope the vendor accepts! Thanks, Oliver",Offer_Submission,Esher,"£495,000",hi id like offer £495000 converted coach house esher unique charming im firsttime buyer 30 deposit saved mortgage agreed barclays really hope vendor accepts thanks oliver
292,can i see it tonight,hi is the 1 bed flat in clapham junction still available? can i view it tonight around 6pm? the one for 1550 pcm. im a teacher with good references. let me know asap. thanks emma,Viewing_Request,Clapham Junction,"£1,550",hi 1 bed flat clapham junction still available view tonight around 6pm one 1550 pcm im teacher good references let know asap thanks emma
293,Counter offer - Property in Beckenham,"Further to the vendor's counter of £485,000, I can go to £470,000 for the house in Beckenham. This is genuinely my maximum. The survey highlighted some roof issues which justifies my caution. Please see if vendor will meet me halfway. Graham",Offer_Submission,Beckenham,"£470,000",vendors counter £485000 go £470000 house beckenham genuinely maximum survey highlighted roof issues justifies caution please see vendor meet halfway graham
296,Viewing - Georgian property,"Good afternoon, I am extremely interested in the Georgian property in Blackheath listed at £1,650,000. The architecture and period features are exceptional. I am a cash buyer and would like to arrange a viewing urgently. Sir Richard",Viewing_Request,Blackheath,"£1,650,000",good afternoon extremely interested georgian property blackheath listed £1650000 architecture period features exceptional cash buyer would like arrange viewing urgently sir richard
297,Offer - First home purchase,"Dear Sir/Madam, I would like to offer £265,000 for the 1-bedroom flat in Croydon. This will be my first home purchase and I'm very excited. I have a 10% deposit and mortgage offer from Halifax. Hope this is acceptable. Kind regards, Tyler",Offer_Submission,Croydon,"£265,000",dear sirmadam would like offer £265000 1bedroom flat croydon first home purchase im excited 10 deposit mortgage offer halifax hope acceptable kind regards tyler
300,viewing for rental property,hi looking for a 2 bed flat to rent around the 1900 pcm mark. saw yours in battersea. looks great. can we view it this weekend? me and my partner both work in finance. excellent references available. thanks,Viewing_Request,Battersea,"£1,900",hi looking 2 bed flat rent around 1900 pcm mark saw battersea looks great view weekend partner work finance excellent references available thanks
301,Viewing request for SW7 property,"Dear Agent, I would like to arrange a viewing for the 3-bed leasehold flat in South Kensington SW7. I understand the asking price is £2,000,000. Best regards.",Viewing_Request,SW7,"£2,000,000",dear agent would like arrange viewing 3bed leasehold flat south kensington sw7 understand asking price £2000000 best regards
302,(no subject),hi can i view the place in bermondsey se1? saw it for 400pw.,Viewing_Request,SE1,£400pw,hi view place bermondsey se1 saw 400pw
305,viewing in barking,saw the 2 bed in IG11 going for 1500 pcm. can me and my partner come see it on saturday?,Viewing_Request,IG11,1500 pcm,saw 2 bed ig11 going 1500 pcm partner come see saturday
306,(no subject),is the flat in mitcham cr4 still around? looking at properties up to 300k.,Viewing_Request,CR4,300k,flat mitcham cr4 still around looking properties 300k
307,Mayfair apartment viewing,"Dear Lettings Team, I am interested in viewing the corporate let in W1K advertised at £5,000 pcm. Please let me know your availability next week.",Viewing_Request,W1K,"£5,000 pcm",dear lettings team interested viewing corporate let w1k advertised £5000 pcm please let know availability next week
309,Property viewing N22,"To whom it may concern, I would like to book a viewing for the freehold property in Wood Green N22, listed at £600,000. Thank you.",Viewing_Request,N22,"£600,000",may concern would like book viewing freehold property wood green n22 listed £600000 thank
310,Viewing: KT1,"Hi there, I noticed the detached property in Kingston KT1 is back on the market for £850k. What is the current EPC rating? I'd like to view it.",Viewing_Request,KT1,£850k,hi noticed detached property kingston kt1 back market £850k current epc rating id like view
312,Peckham Let,"Good morning, we are very interested in the 3-bed flat in SE15 at £2200 pcm. Are you conducting viewings this Thursday?",Viewing_Request,SE15,£2200 pcm,good morning interested 3bed flat se15 £2200 pcm conducting viewings thursday
313,E1W warehouse conversion,quick one - is the wapping warehouse flat (800k) available to view today?,Viewing_Request,E1W,800k,quick one wapping warehouse flat 800k available view today
315,(no subject),can we view the uxbridge property ub8 listed for £1200 pcm?,Viewing_Request,UB8,£1200 pcm,view uxbridge property ub8 listed £1200 pcm
317,N1 Studio,hi is the studio in islington n1 still £450 pw? want to view.,Viewing_Request,N1,£450 pw,hi studio islington n1 still £450 pw want view
318,Chiswick property,"Hello, we'd like to view the £1.1m family home in W4. We are currently under offer on our own property and proceeding smoothly.",Viewing_Request,W4,£1.1m,hello wed like view £11m family home w4 currently offer property proceeding smoothly
319,walthamstow e17,hy there want to view the ex council flat in E17 listed for 500k thx,Viewing_Request,E17,500k,hy want view ex council flat e17 listed 500k thx
321,Rental Viewing HA9,"Good afternoon, could you schedule a viewing for the 2-bed apartment in Wembley HA9? We are happy with the £1800 PCM asking rent.",Viewing_Request,HA9,£1800 PCM,good afternoon could schedule viewing 2bed apartment wembley ha9 happy £1800 pcm asking rent
322,Putney Flat,"Dear Agent, regarding the leasehold apartment in SW15 (£750,000). Could you confirm the ground rent and service charge before we book a viewing?",Viewing_Request,SW15,"£750,000",dear agent regarding leasehold apartment sw15 £750000 could confirm ground rent service charge book viewing
324,N12 rent,hi i want to see the flat in finchley N12 for 1900 pcm. let me know.,Viewing_Request,N12,1900 pcm,hi want see flat finchley n12 1900 pcm let know
325,E14 Apartment,"Dear team, please can I view the 2-bed flat in Canary Wharf E14 advertised at £550k? I am a cash buyer.",Viewing_Request,E14,£550k,dear team please view 2bed flat canary wharf e14 advertised £550k cash buyer
328,valuation east dulwich,we want to put our house in se22 on the market soon. hoping for around 600k. can u come value it?,Valuation_Request,SE22,600k,want put house se22 market soon hoping around 600k u come value
330,(no subject),"how much is my semi in croydon CR0 worth? bought for 450,000 3 years ago.",Valuation_Request,CR0,"450,000",much semi croydon cr0 worth bought 450000 3 years ago
331,Market Appraisal W12,"Hello, we are looking to upsize and would appreciate a free market appraisal of our current terraced home in Shepherds Bush W12. We believe it's around £800k.",Valuation_Request,W12,£800k,hello looking upsize would appreciate free market appraisal current terraced home shepherds bush w12 believe around £800k
335,Valuation - EN5 property,"Dear Agents, as we are planning to downsize, we need a valuation of our 5-bedroom freehold property in Barnet EN5. Similar houses have sold for £1.2m recently.",Valuation_Request,EN5,£1.2m,dear agents planning downsize need valuation 5bedroom freehold property barnet en5 similar houses sold £12m recently
337,blackheath se3,hi whats my 2 bed flat in se3 worth? neighbour sold for 750k.,Valuation_Request,SE3,750k,hi whats 2 bed flat se3 worth neighbour sold 750k
340,Wapping E1W appraisal,"Dear Sirs, please arrange a market appraisal for my penthouse in Wapping E1W. I am looking to achieve £900,000 and am chain-free.",Valuation_Request,E1W,"£900,000",dear sirs please arrange market appraisal penthouse wapping e1w looking achieve £900000 chainfree
342,HA0 Valuation Request,"Hello, I'd like to arrange a valuation for my 3-bed semi in Wembley HA0. Hoping it's reached the £500k mark now.",Valuation_Request,HA0,£500k,hello id like arrange valuation 3bed semi wembley ha0 hoping reached £500k mark
344,southall ub2,can u come tell me rent value of my studio in ub2? maybe 350k to sell too?,Valuation_Request,UB2,350k,u come tell rent value studio ub2 maybe 350k sell
346,(no subject),require premium valuation for detached home in st johns wood NW8. expecting circa £2.5m.,Valuation_Request,NW8,£2.5m,require premium valuation detached home st johns wood nw8 expecting circa £25m
348,SW2 Market Value,"Dear Team, I am an accidental landlord looking to sell my leasehold flat in Brixton SW2. Could you advise if £650k is a realistic asking price?",Valuation_Request,SW2,£650k,dear team accidental landlord looking sell leasehold flat brixton sw2 could advise £650k realistic asking price
350,Valuation KT2,"Good morning, I request an appraisal of my freehold property in Kingston KT2. Given recent renovations, I am targeting a listing price of £1m.",Valuation_Request,KT2,£1m,good morning request appraisal freehold property kingston kt2 given recent renovations targeting listing price £1m
354,Mould Issue W9,"Dear Property Management, we are experiencing severe black mould in the bathroom of the W9 flat despite ventilating. For £1600 pcm, we expect better living conditions.",Maintenance_Issue,W9,£1600 pcm,dear property management experiencing severe black mould bathroom w9 flat despite ventilating £1600 pcm expect better living conditions
357,RATS IN KITCHEN,We have seen two rats in the kitchen of the E14 apartment! This is absolutely unacceptable for a £2500 pcm property. Send pest control immediately!!!,Maintenance_Issue,E14,£2500 pcm,seen two rats kitchen e14 apartment absolutely unacceptable £2500 pcm property send pest control immediately
363,DAMP EVERYWHERE W11,The damp in the master bedroom in W11 is ruining our furniture. We pay £3000 PCM for this premium flat and it's practically raining inside. FIX IT!,Maintenance_Issue,W11,£3000 PCM,damp master bedroom w11 ruining furniture pay £3000 pcm premium flat practically raining inside fix
375,(no subject),"mice spotted in the SE11 property. paying £1800 pcm, sort this out please.",Maintenance_Issue,SE11,£1800 pcm,mice spotted se11 property paying £1800 pcm sort please
376,Offer Submission SW6,"Dear Agent, I would like to formally offer £1,100,000 for the freehold property in Fulham SW6. I am a cash buyer with no chain. Proof of funds attached.",Offer_Submission,SW6,"£1,100,000",dear agent would like formally offer £1100000 freehold property fulham sw6 cash buyer chain proof funds attached
377,E2 rent offer,hi we r happy to offer 1900 pcm for the 2 bed in E2. can move in nxt month.,Offer_Submission,E2,1900 pcm,hi r happy offer 1900 pcm 2 bed e2 move nxt month
378,offer n7,id like to put an offer of 550k on the n7 flat. chain free buyer.,Offer_Submission,N7,550k,id like put offer 550k n7 flat chain free buyer
379,(no subject),"offering 400,000 for the se4 house. know it needs work so this is my best offer.",Offer_Submission,SE4,"400,000",offering 400000 se4 house know needs work best offer
380,Offer to Let W10,"Good afternoon, we loved the flat in W10. We would like to offer the asking rent of £2200 PCM on a 12-month AST. We can provide references immediately.",Offer_Submission,W10,£2200 PCM,good afternoon loved flat w10 would like offer asking rent £2200 pcm 12month ast provide references immediately
381,NW2 Offer,"Hi, submitting an offer of £650k for the NW2 semi-detached. We are proceeding without a chain.",Offer_Submission,NW2,£650k,hi submitting offer £650k nw2 semidetached proceeding without chain
382,CR7 Leasehold Offer,"Dear Sirs, we wish to offer £380,000 for the leasehold flat in Thornton Heath CR7. This is subject to contract and a satisfactory structural survey.",Offer_Submission,CR7,"£380,000",dear sirs wish offer £380000 leasehold flat thornton heath cr7 subject contract satisfactory structural survey
383,FINAL OFFER E17,"This is my final and best offer for the E17 terraced house: 700k. If the vendor doesn't accept by midday tomorrow, I am withdrawing.",Offer_Submission,E17,700k,final best offer e17 terraced house 700k vendor doesnt accept midday tomorrow withdrawing
384,Corporate Let SW1X,"To the Lettings Director, my firm would like to secure the SW1X apartment for a senior executive. We offer £4500 pcm for a 2-year term with no break clause.",Offer_Submission,SW1X,£4500 pcm,lettings director firm would like secure sw1x apartment senior executive offer £4500 pcm 2year term break clause
385,ig6 offer,puting in an offer of 500k for the ig6 bunglow. we have our mortgage sorted.,Offer_Submission,IG6,500k,puting offer 500k ig6 bunglow mortgage sorted
386,se18 let,happy to pay the 1400 pcm for the woolwich se18 flat. send over the paperwork.,Offer_Submission,SE18,1400 pcm,happy pay 1400 pcm woolwich se18 flat send paperwork
387,(no subject),formal offer of £1.2m for the muswell hill n10 property. cash waiting.,Offer_Submission,N10,£1.2m,formal offer £12m muswell hill n10 property cash waiting
388,Offer on W5 property,"Hello, we'd like to offer £2100 PCM for the Ealing W5 flat. This is conditional on the landlord adding a pet clause for a small, well-behaved dog.",Offer_Submission,W5,£2100 PCM,hello wed like offer £2100 pcm ealing w5 flat conditional landlord adding pet clause small wellbehaved dog
389,EN4 offer,"Hi, we want to offer £800k for the detached house in EN4. Short chain below us.",Offer_Submission,EN4,£800k,hi want offer £800k detached house en4 short chain us
390,Offer Submission NW9,"Dear Agent, please find attached our AIP. We are making an official offer of £425,000 for the 2-bed flat in Colindale NW9.",Offer_Submission,NW9,"£425,000",dear agent please find attached aip making official offer £425000 2bed flat colindale nw9
391,rm11 offer,hi offerin 600k for the rm11 property. thx,Offer_Submission,RM11,600k,hi offerin 600k rm11 property thx
392,ub1 renting,we want the ub1 flat. offering 1300 pcm as asking. can pay deposit today.,Offer_Submission,UB1,1300 pcm,want ub1 flat offering 1300 pcm asking pay deposit today
393,(no subject),offering £950k for the sw14 house. vendor must leave all white goods.,Offer_Submission,SW14,£950k,offering £950k sw14 house vendor must leave white goods
394,E6 Let Offer,"Good morning, I wish to offer £1600 pcm for the flat in East Ham E6. I am willing to pay 6 months rent upfront to secure it quickly.",Offer_Submission,E6,£1600 pcm,good morning wish offer £1600 pcm flat east ham e6 willing pay 6 months rent upfront secure quickly
395,SE27,hi offering 450k for the flat in west norwood se27. chain free.,Offer_Submission,SE27,450k,hi offering 450k flat west norwood se27 chain free
396,Revised Offer N14,"Dear Sir/Madam, following the down-valuation by our mortgage lender, we must regrettably revise our offer on the N14 house to £680,000.",Offer_Submission,N14,"£680,000",dear sirmadam following downvaluation mortgage lender must regrettably revise offer n14 house £680000
397,ha8 offer,wanna offer 550k on the edgware ha8 house. let me know what vendor thinks.,Offer_Submission,HA8,550k,wanna offer 550k edgware ha8 house let know vendor thinks
398,w13 let,offering 1750 pcm for the w13 flat. need to move by end of the month.,Offer_Submission,W13,1750 pcm,offering 1750 pcm w13 flat need move end month
399,(no subject),£1.5m cash offer for the nw11 detached. no chain.,Offer_Submission,NW11,£1.5m,£15m cash offer nw11 detached chain
400,Offer SW20,"Hello, we are delighted to offer the asking price of £825,000 for the freehold semi-detached in Raynes Park SW20. We are first-time buyers with an AIP in place.",Offer_Submission,SW20,"£825,000",hello delighted offer asking price £825000 freehold semidetached raynes park sw20 firsttime buyers aip place
401 , Viewing request for 2-bed flat ," Dear Sir/Madam, I would like to arrange a viewing for the 2-bed leasehold flat advertised at £1,450 PCM. I am available evenings this week. Kind regards ", Viewing_Request , Islington N1 , £1450 PCM,dear sirmadam would like arrange viewing 2bed leasehold flat advertised £1450 pcm available evenings week kind regards
402 , can i view this pls ," hi, saw the studio in e14 going for £320 pw, can i come see it tomorrow? cheers ", Viewing_Request , E14 London , £320 pw,hi saw studio e14 going £320 pw come see tomorrow cheers
403 , Appointment to view property ," Good afternoon, I am interested in viewing the semi-detached freehold house listed at £525,000. Please advise suitable times. ", Viewing_Request , Croydon CR0 , £525000,good afternoon interested viewing semidetached freehold house listed £525000 please advise suitable times
405 , Viewing enquiry ," Dear agent, Could I book a viewing for the one-bedroom flat advertised at £1,200 PCM? I work locally and can attend during lunch hours. ", Viewing_Request , Camden NW1 , £1200 PCM,dear agent could book viewing onebedroom flat advertised £1200 pcm work locally attend lunch hours
406 , Flat viewing request ," Hi there, interested in the chain-free flat at £410k. Are there slots this weekend? Thanks ", Viewing_Request , Hackney E8 , £410000,hi interested chainfree flat £410k slots weekend thanks
407 , RE: property listing ," Please arrange a viewing for the maisonette listed at £275,000. I am a first-time buyer and mortgage agreed in principle. ", Viewing_Request , Enfield EN1 , £275000,please arrange viewing maisonette listed £275000 firsttime buyer mortgage agreed principle
408 , wanna see it , hey can i view that 3 bed in sw1 looks good £900k ish , Viewing_Request , SW1 London , £900000,hey view 3 bed sw1 looks good £900k ish
409 , Viewing request - urgent ," Good morning, I would like to view the property as soon as possible due to relocation. The rent of £1,800 PCM suits my budget. ", Viewing_Request , Stratford E15 , £1800 PCM,good morning would like view property soon possible due relocation rent £1800 pcm suits budget
411 , Viewing availability ," Dear team, Please confirm availability for viewing the detached house marketed at £1.2m. Regards ", Viewing_Request , Richmond TW9 , £1200000,dear team please confirm availability viewing detached house marketed £12m regards
412 , viewing pls , i want to see the place in ealing £1500 pcm asap , Viewing_Request , Ealing W5 , £1500 PCM,want see place ealing £1500 pcm asap
414 , need valuation , hi can someone come value my flat? thinking to sell around £350k , Valuation_Request , Leyton E10 , £350000,hi someone come value flat thinking sell around £350k
415 , Valuation enquiry ," Good afternoon, I am considering letting my property at approx £1,600 PCM and would appreciate a rental valuation. ", Valuation_Request , Clapham SW4 , £1600 PCM,good afternoon considering letting property approx £1600 pcm would appreciate rental valuation
417 , Request for market appraisal ," Please arrange a valuation visit for my chain-free property. Likely market value circa £700,000. ", Valuation_Request , Greenwich SE10 , £700000,please arrange valuation visit chainfree property likely market value circa £700000
418 , quick val pls , can u tell me what my flat is worth in todays market? around 400k maybe , Valuation_Request , Canary Wharf E14 , £400000,u tell flat worth todays market around 400k maybe
421 , Property appraisal request ," Kindly arrange for a valuer to attend and assess my leasehold flat. Estimated £285,000. ", Valuation_Request , Peckham SE15 , £285000,kindly arrange valuer attend assess leasehold flat estimated £285000
424 , how much is my house worth , hi just wondering value of my semi detached maybe £500k?? , Valuation_Request , Romford RM1 , £500000,hi wondering value semi detached maybe £500k
437 , Offer on property ," Dear agent, I would like to submit an offer of £450,000 for the freehold property, subject to survey. ", Offer_Submission , Walthamstow E17 , £450000,dear agent would like submit offer £450000 freehold property subject survey
438 , my offer , hi offering £1200 pcm for the flat can move in next month , Offer_Submission , Canary Wharf E14 , £1200 PCM,hi offering £1200 pcm flat move next month
439 , formal offer submission ," Please accept this email as my formal offer of £875,000 for the detached house. Chain-free buyer. ", Offer_Submission , Richmond TW10 , £875000,please accept email formal offer £875000 detached house chainfree buyer
440 , offer , i can do £300k quick sale no chain , Offer_Submission , Ilford IG2 , £300000,£300k quick sale chain
441 , Rental offer ," Dear team, I wish to offer £1,650 PCM for the advertised property, subject to references. ", Offer_Submission , Clapham SW4 , £1650 PCM,dear team wish offer £1650 pcm advertised property subject references
442 , bid , offering £510000 for the semi-detached hope acceptable , Offer_Submission , Barnet EN4 , £510000,offering £510000 semidetached hope acceptable
443 , Offer for flat ," Good afternoon, I would like to place an offer of £395,000 on the leasehold flat. Mortgage approved. ", Offer_Submission , Hackney E9 , £395000,good afternoon would like place offer £395000 leasehold flat mortgage approved
444 , offer asap , £1400 pcm take it or leave it need quick move , Offer_Submission , Croydon CR0 , £1400 PCM,£1400 pcm take leave need quick move
445 , property offer ," Dear Sir/Madam, I hereby submit an offer of £620,000 subject to contract and survey. ", Offer_Submission , Greenwich SE10 , £620000,dear sirmadam hereby submit offer £620000 subject contract survey
446 , my bid , hi can do £280k for the place let me know , Offer_Submission , Enfield EN3 , £280000,hi £280k place let know
447 , offer for rent , I would like to offer £950 PCM for the studio flat. Ready to proceed immediately. , Offer_Submission , Tottenham N15 , £950 PCM,would like offer £950 pcm studio flat ready proceed immediately
448 , quick offer , £720k no chain ready buyer pls respond , Offer_Submission , Wimbledon SW19 , £720000,£720k chain ready buyer pls respond
449 , revised offer ," Following viewing, I increase my offer to £465,000. ", Offer_Submission , Leyton E10 , £465000,following viewing increase offer £465000
450 , final offer , final offer £1300 pcm can sign this week , Offer_Submission , Ealing W5 , £1300 PCM,final offer £1300 pcm sign week
451,Chelsea flat viewing,"Dear Agent, I would like to view the 2-bed leasehold flat in SW3. At £1,250,000, I need to know the remaining lease length first.",Viewing_Request,SW3,"£1,250,000",dear agent would like view 2bed leasehold flat sw3 £1250000 need know remaining lease length first
453,(no subject),can i view the 1 bed in waterloo SE1 listed at 450 pw,Viewing_Request,SE1,£450 pw,view 1 bed waterloo se1 listed 450 pw
455,renting n11,pls book me a viewing for the friern barnet flat £1400 pcm,Viewing_Request,N11,£1400 pcm,pls book viewing friern barnet flat £1400 pcm
457,Purley house viewing,"Dear Sir/Madam, we are very interested in the 4-bed semi-detached in CR8 on your website for £750k. Is Saturday morning possible?",Viewing_Request,CR8,£750k,dear sirmadam interested 4bed semidetached cr8 website £750k saturday morning possible
458,ig2 viewing,hi wanna look at the gants hill flat u have for 1500 pcm. let me know.,Viewing_Request,IG2,1500 pcm,hi wanna look gants hill flat u 1500 pcm let know
460,BR6 let,can me and my mate view the orpington house for 1800 pcm?,Viewing_Request,BR6,1800 pcm,mate view orpington house 1800 pcm
462,Woodford Green Viewing,"To the Sales Team, please register our interest to view the £600,000 terraced house in E18. We have just sold our property STC.",Viewing_Request,E18,"£600,000",sales team please register interest view £600000 terraced house e18 sold property stc
466,(no subject),need a valuation for my leasehold flat in wandsworth SW18. thinking of selling for 450k.,Valuation_Request,SW18,450k,need valuation leasehold flat wandsworth sw18 thinking selling 450k
471,Selling in SE26,"Hello, we are planning to put our semi-detached in Sydenham SE26 on the market. We bought it for £550,000. Could you value it?",Valuation_Request,SE26,"£550,000",hello planning put semidetached sydenham se26 market bought £550000 could value
477,NO HOT WATER E1W,"The boiler has completely stopped working in the Wapping E1W flat! We are paying £2800 pcm for a premium flat, this is a joke. Fix it today!",Maintenance_Issue,E1W,£2800 pcm,boiler completely stopped working wapping e1w flat paying £2800 pcm premium flat joke fix today
489,Offer on SW5 apartment,"Dear Agent, we would like to submit a formal offer of £1,300,000 for the leasehold apartment in Earls Court SW5. We are cash buyers.",Offer_Submission,SW5,"£1,300,000",dear agent would like submit formal offer £1300000 leasehold apartment earls court sw5 cash buyers
490,renting bow e3,hi we loved the flat in E3. offering the asking price of 1700 pcm. can we get the paperwork sorted today?,Offer_Submission,E3,1700 pcm,hi loved flat e3 offering asking price 1700 pcm get paperwork sorted today
491,(no subject),putting in an offer of 850k for the highgate N6 flat. im a first time buyer with mortgage agreed in principle.,Offer_Submission,N6,850k,putting offer 850k highgate n6 flat im first time buyer mortgage agreed principle
492,Offer for SE17,"Good morning, following our viewing, we wish to offer £620,000 for the 2-bed flat in Walworth SE17. We are chain-free.",Offer_Submission,SE17,"£620,000",good morning following viewing wish offer £620000 2bed flat walworth se17 chainfree
493,w14 let offer,offering 2200 pcm for the west kensington W14 flat. ready to pay holding deposit.,Offer_Submission,W14,2200 pcm,offering 2200 pcm west kensington w14 flat ready pay holding deposit
494,Offer Submission - NW10,"Dear Sirs, please put forward our offer of £495,000 for the terraced property in Willesden NW10. Proof of deposit is attached.",Offer_Submission,NW10,"£495,000",dear sirs please put forward offer £495000 terraced property willesden nw10 proof deposit attached
495,ig5 offer,"hi offering 410,000 for the clayhall IG5 house. let me know if vendor accepts.",Offer_Submission,IG5,"410,000",hi offering 410000 clayhall ig5 house let know vendor accepts
496,(no subject),we want the streatham sw16 flat. offering 1400 pcm on a 12 month contract.,Offer_Submission,SW16,1400 pcm,want streatham sw16 flat offering 1400 pcm 12 month contract
497,Manor Park E12 Offer,"Hello, we are prepared to offer £380k for the ex-council flat in E12. We are in a short chain that is almost complete.",Offer_Submission,E12,£380k,hello prepared offer £380k excouncil flat e12 short chain almost complete
498,n18 flat offer,"hi i saw the 2 bed in edmonton N18. offering 365,000 for it as a chain free buyer.",Offer_Submission,N18,"365,000",hi saw 2 bed edmonton n18 offering 365000 chain free buyer
499,FINAL OFFER SE21,"This is my final offer for the Dulwich SE21 house: £950,000. If the vendor wants more, I will look elsewhere. Let me know by 5pm.",Offer_Submission,SE21,"£950,000",final offer dulwich se21 house £950000 vendor wants look elsewhere let know 5pm
500,Corporate Let BR5,"To the Lettings Manager, my company wishes to offer £1900 PCM for a 24-month corporate let on the property in St Mary Cray BR5.",Offer_Submission,BR5,£1900 PCM,lettings manager company wishes offer £1900 pcm 24month corporate let property st mary cray br5
